date,year,season,location,sampleID,sampleID.prefix,microhabitat,depth,per_sediment,per_rock,per_organic,dateTime.UTC,lat,long,alt,pH,wTemp,DO,light,flow,turb,cond,nitrate,alkalinity,mon.precip,bi.precip,mon.ADD
10/2/2018,2018,Fall,Upstream,02URFA18.USR,02URFA18,USR,41.5,7.5,90,2.5,2018-10-02T17:45:00Z,NA,NA,NA,7.22,NA,NA,NA,NA,12.6,100.5,NA,NA,242.1,133.1,547.8
10/2/2018,2018,Fall,Upstream,02URFA18.USU,02URFA18,USU,30.5,55,44,1,2018-10-02T17:45:00Z,NA,NA,NA,7.42,NA,NA,NA,NA,12.3,92.9,NA,NA,242.1,133.1,547.8
5/28/2019,2019,Summer,Downstream,01DRSU19.DFR,01DRSU19,DFR,22.5,5,94,1,2019-05-28T14:19:00Z,42.3151,-72.641135,62,7.48,17,10.23,56,0.1565,6.75,127.4,NA,NA,69.8,17.3,384.75
5/28/2019,2019,Summer,Downstream,01DRSU19.DM,01DRSU19,DM,22.75,20,78,2,2019-05-28T16:08:00Z,42.315075,-72.641115,63,7.47,16.9,10.295,62,0.2935,9.9,128.55,NA,NA,69.8,17.3,384.75
5/28/2019,2019,Summer,Downstream,01DRSU19.DSH,01DRSU19,DSH,19.25,17.5,79,3.5,2019-05-28T15:05:00Z,42.31507,-72.640965,71,7.475,17.1,10.275,37.5,0.587,10.25,126.65,NA,NA,69.8,17.3,384.75
5/28/2019,2019,Summer,Downstream,01DRSU19.DSP,01DRSU19,DSP,16.75,7.5,91,1.5,2019-05-28T15:36:00Z,42.33036,-72.64107,37,7.49,16.9,10.315,106,0.3195,7.65,127.325,NA,NA,69.8,17.3,384.75
5/28/2019,2019,Summer,Downstream,01DRSU19.DSR,01DRSU19,DSR,22.5,9.5,89.5,1,2019-05-28T13:40:00Z,42.31493,-72.641015,45.5,7.46,16.9,10.1,64,0.1865,6.95,128.05,NA,NA,69.8,17.3,384.75
5/30/2019,2019,Summer,Upstream,01URSU19.UFR,01URSU19,UFR,38.15,17.5,81,1.5,2019-05-30T14:14:00Z,42.31933,-72.65465,51,7.545,13.3,11.105,39.5,0.0815,4.35,120.8,NA,NA,75.9,27.5,396.65
5/30/2019,2019,Summer,Upstream,01URSU19.UM,01URSU19,UM,29.75,27,72.5,0.5,2019-05-30T14:40:00Z,42.31936,-72.65479,71.5,7.555,13.4,NA,142.5,0.325,6.6,116.8,NA,NA,75.9,27.5,396.65
5/30/2019,2019,Summer,Upstream,01URSU19.USH,01URSU19,USH,42.75,20.5,79.5,0,2019-05-30T15:20:00Z,42.32038,-72.653755,50.5,7.575,13.5,NA,73,0.551,6.55,107.85,NA,NA,75.9,27.5,396.65
5/30/2019,2019,Summer,Upstream,01URSU19.USR,01URSU19,USR,34,15,77.5,7.5,2019-05-30T13:41:00Z,42.319245,-72.654875,55.5,7.52,13.2,11.02,64.5,0.1075,6.4,120.15,NA,NA,75.9,27.5,396.65
5/30/2019,2019,Summer,Upstream,01URSU19.USU,01URSU19,USU,24.15,10,89,1,2019-05-30T15:45:00Z,42.32038,-72.653535,65,7.57,13.5,NA,75,0.4565,5.1,107.7,NA,NA,75.9,27.5,396.65
5/31/2019,2019,Summer,Upstream,02URSU19.UFR,02URSU19,UFR,41.25,14,84.5,1.5,2019-05-31T14:00:00Z,42.3193,-72.654755,61,7.57,14.5,10.355,50,0.1565,5.9,120.95,NA,NA,78.7,30.3,403.3
5/31/2019,2019,Summer,Upstream,02URSU19.UM,02URSU19,UM,42.9,21,77.5,1.5,2019-05-31T14:24:00Z,42.31937,-72.65486,59,7.625,14.8,10.45,280.5,0.4725,3.7,116.95,NA,NA,78.7,30.3,403.3
5/31/2019,2019,Summer,Upstream,02URSU19.USH,02URSU19,USH,24.65,17.5,84.5,1,2019-05-31T14:57:00Z,42.32045,-72.653845,63,7.64,14.9,10.365,125,0.2695,3.15,109.45,NA,NA,78.7,30.3,403.3
5/31/2019,2019,Summer,Upstream,02URSU19.USR,02URSU19,USR,29.35,15,84.5,0.5,2019-05-31T13:36:00Z,42.319245,-72.654815,64,7.55,14.4,10.27,112.5,0.123,5.75,121.7,NA,NA,78.7,30.3,403.3
5/31/2019,2019,Summer,Upstream,02URSU19.USU,02URSU19,USU,18.9,7.5,92.5,0,2019-05-31T15:20:00Z,42.320455,-72.653605,50,7.645,15,10.365,180,0.3145,4.3,109.35,NA,NA,78.7,30.3,403.3
6/3/2019,2019,Summer,Downstream,02DRSU19.DFR,02DRSU19,DFR,30.75,10,88.5,1.5,2019-06-03T14:11:00Z,42.315095,-72.64112,47,7.5,15.95,9.885,522.5,0.3285,7.1,130.1,NA,NA,65.2,25.4,427.7
6/3/2019,2019,Summer,Downstream,02DRSU19.DSH,02DRSU19,DSH,21.5,17,82,1,2019-06-03T15:05:00Z,42.31533,-72.641115,43,7.51,16.25,9.865,139.5,0.398,7.25,129.5,NA,NA,65.2,25.4,427.7
6/3/2019,2019,Summer,Downstream,02DRSU19.DSP,02DRSU19,DSP,22,20,80,0,2019-06-03T15:32:00Z,42.31542,-72.64118,51.5,7.56,16.3,9.84,1097.5,0.403,7.3,129.3,NA,NA,65.2,25.4,427.7
6/3/2019,2019,Summer,Downstream,02DRSU19.DSR,02DRSU19,DSR,24.5,3.5,91.5,5,2019-06-03T13:39:00Z,42.315055,-72.64113,48.5,7.47,15.8,9.875,56.5,0.155,7.65,130.95,NA,NA,65.2,25.4,427.7
6/4/2019,2019,Summer,Downstream,03DRSU19.DFR,03DRSU19,DFR,22.75,18.5,77.5,4,2019-06-04T14:05:00Z,42.315005,-72.64135,72,7.435,14.6,10.26,76.5,0.4195,6.25,125.4,NA,NA,62.4,23.9,424.65
6/4/2019,2019,Summer,Downstream,03DRSU19.DM,03DRSU19,DM,24.25,15,81.5,1,2019-06-04T14:27:00Z,42.31514,-72.64115,55,7.445,14.5,10.22,1176,0.151,5.6,124.5,NA,NA,62.4,23.9,424.65
6/4/2019,2019,Summer,Downstream,03DRSU19.DSH,03DRSU19,DSH,18.75,15,80.5,4.5,2019-06-04T14:56:00Z,42.315335,-72.641185,50.5,7.48,14.9,10.265,48,0.4795,8.35,127.15,NA,NA,62.4,23.9,424.65
6/4/2019,2019,Summer,Downstream,03DRSU19.DSR,03DRSU19,DSR,18.25,12.5,85.5,2,2019-06-04T13:30:00Z,42.314885,-72.64111,36.5,7.435,14.5,10.24,55,0.121,7.55,126.25,NA,NA,62.4,23.9,424.65
6/5/2019,2019,Summer,Upstream,03URSU19.UFR,03URSU19,UFR,37.7,5,91,4,2019-06-05T14:02:00Z,42.319215,-72.65461,64.5,7.705,15.1,10.325,48.5,0.0065,4.95,136.5,NA,NA,59.9,23.9,429.1
6/5/2019,2019,Summer,Upstream,03URSU19.UM,03URSU19,UM,24.6,7,91.5,1.5,2019-06-05T14:48:00Z,42.31934,-72.654835,63.5,7.755,15.35,10.37,390,0.2265,3.85,132.4,NA,NA,59.9,23.9,429.1
6/5/2019,2019,Summer,Upstream,03URSU19.USH,03URSU19,USH,29.05,15,84.5,0.5,2019-06-05T15:17:00Z,42.320535,-72.6337,58,7.76,15.7,10.315,97.5,0.175,5.7,120.85,NA,NA,59.9,23.9,429.1
6/5/2019,2019,Summer,Upstream,03URSU19.USR,03URSU19,USR,18.2,22.5,74,3.5,2019-06-05T13:36:00Z,42.319195,-72.65484,53.5,7.67,15.1,10.315,162.5,0.047,4.1,137.25,NA,NA,59.9,23.9,429.1
6/5/2019,2019,Summer,Upstream,03URSU19.USU,03URSU19,USU,25.2,15,83,2,2019-06-05T15:37:00Z,42.32037,-72.653595,50.5,7.76,15.9,10.295,1271.5,0.4305,5.7,121.9,NA,NA,59.9,23.9,429.1
9/16/2019,2019,Fall,Upstream,01URFA19.UFR,01URFA19,UFR,34,24,72.5,5,2019-09-16T18:05:00Z,42.3103,-72.65462,54,8.08,17.3,10.45,NA,NA,6.633333333,197.0333333,NA,NA,68.3,18.5,562.45
9/16/2019,2019,Fall,Upstream,01URFA19.UM,01URFA19,UM,15.75,6,91.5,2.5,2019-09-16T18:05:00Z,42.31929,-72.65477,65,8.14,17.5,10.43,NA,NA,4.866666667,195.9666667,NA,NA,68.3,18.5,562.45
9/16/2019,2019,Fall,Upstream,01URFA19.USH,01URFA19,USH,45.25,27.5,57.5,15,2019-09-16T18:10:00Z,42.32043,-72.65364,71,8.11,17.3,10.35,NA,NA,4.6,198.9,NA,NA,68.3,18.5,562.45
9/16/2019,2019,Fall,Upstream,01URFA19.USR,01URFA19,USR,18.75,25,37.5,7.5,2019-09-16T18:04:00Z,42.31021,-72.6547,51,8.05,17.2,10.38,NA,NA,12.33333333,196.0333333,NA,NA,68.3,18.5,562.45
9/16/2019,2019,Fall,Upstream,01URFA19.USU,01URFA19,USU,9,21.5,75.5,4,2019-09-16T18:14:00Z,42.32042,-7265350,31,8.11,17.3,10.37,NA,NA,5.766666667,192.0333333,NA,NA,68.3,18.5,562.45
9/17/2019,2019,Fall,Downstream,01DRFA19.DFR,01DRFA19,DFR,17,47.5,45,7.5,2019-09-17T18:00:00Z,42.31504,-72.64114,44,7.48,19.1,9.83,NA,NA,10.6,204.6,NA,NA,51.8,14.9,552.75
9/17/2019,2019,Fall,Downstream,01DRFA19.DM,01DRFA19,DM,20.25,7.5,91,1.5,2019-09-17T17:49:00Z,42.31509,-72.64103,41,7.48,19.2,9.91,NA,NA,14.1,211.3666667,NA,NA,51.8,14.9,552.75
9/17/2019,2019,Fall,Downstream,01DRFA19.DSH,01DRFA19,DSH,15.25,22.5,75,2.5,2019-09-17T17:49:00Z,42.31531,-72.6412,53,7.48,19.3,10.03,NA,NA,7.833333333,203.6666667,NA,NA,51.8,14.9,552.75
9/17/2019,2019,Fall,Downstream,01DRFA19.DSP,01DRFA19,DSP,14.25,16.5,81.5,2,2019-09-17T17:50:00Z,42.31532,-72.64103,43,7.51,19.2,9.91,NA,NA,9.233333333,204.3666667,NA,NA,51.8,14.9,552.75
9/17/2019,2019,Fall,Downstream,01DRFA19.DSR,01DRFA19,DSR,19.75,30,55,15,2019-09-17T17:48:00Z,42.31507,-72.64112,40,7.43,19,9.73,NA,NA,8.666666667,206.0666667,NA,NA,51.8,14.9,552.75
9/23/2019,2019,Fall,Downstream,02DRFA19.DFR,02DRFA19,DFR,14.6,22.5,67.5,10,2019-09-23T17:35:00Z,NA,NA,47,7.57,19.7,9.9,NA,NA,8.1,219.7666667,NA,NA,37,5.8,509.2
9/23/2019,2019,Fall,Downstream,02DRFA19.DSH,02DRFA19,DSH,20.5,15,57.5,27.5,2019-09-23T17:34:00Z,NA,NA,47,7.58,19.5,10.03,NA,NA,7.366666667,219.3,NA,NA,37,5.8,509.2
9/23/2019,2019,Fall,Downstream,02DRFA19.DSP,02DRFA19,DSP,4,20,62.5,12.5,2019-09-23T17:36:00Z,NA,NA,43,7.56,19.5,10,NA,NA,7.966666667,217.9666667,NA,NA,37,5.8,509.2
9/23/2019,2019,Fall,Downstream,02DRFA19.DSR,02DRFA19,DSR,18.25,35.5,62.5,2,2019-09-23T17:35:00Z,NA,NA,47,7.56,20,9.7,NA,NA,22.56666667,221.5666667,NA,NA,37,5.8,509.2
9/24/2019,2019,Fall,Upstream,02URFA19.UFR,02URFA19,UFR,28.5,20,76.5,3.5,2019-09-24T18:00:00Z,42.31936,-72.65463,61,8.06,18.3,10.44,NA,NA,6.533333333,211.2,NA,NA,38.5,7.3,515.05
9/24/2019,2019,Fall,Upstream,02URFA19.UM,02URFA19,UM,14.5,15,45,37.5,2019-09-24T17:57:00Z,42.31937,-72.6548,51,8.2,18.4,10.55,NA,NA,4.566666667,214.3666667,NA,NA,38.5,7.3,515.05
9/24/2019,2019,Fall,Upstream,02URFA19.USH,02URFA19,USH,47,12.5,72.5,15,2019-09-24T17:55:00Z,42.32052,-72.65364,61,8.1,18.3,10.22,NA,NA,4.966666667,213.1333333,NA,NA,38.5,7.3,515.05
9/24/2019,2019,Fall,Upstream,02URFA19.USR,02URFA19,USR,16.75,35,57.5,7.5,2019-09-24T17:55:00Z,42.31921,-72.65492,71,7.75,18,10.08,NA,NA,16.46666667,222.3666667,NA,NA,38.5,7.3,515.05
9/24/2019,2019,Fall,Upstream,02URFA19.USU,02URFA19,USU,26,30,62.5,7.5,2019-09-24T17:52:00Z,42.32037,-72.65355,74,8.12,18.4,9.98,NA,NA,6.866666667,212.2,NA,NA,38.5,7.3,515.05
9/26/2019,2019,Fall,Downstream,03DRFA19.DFR,03DRFA19,DFR,17,22.5,70,7.5,2019-09-26T18:04:00Z,NA,NA,NA,7.42,NA,NA,NA,NA,12.06666667,214.6,NA,NA,38.5,7.3,513.7
9/26/2019,2019,Fall,Downstream,03DRFA19.DM,03DRFA19,DM,11,25,70,5,2019-09-26T18:04:00Z,NA,NA,NA,7.4,NA,NA,NA,NA,9.5,219.2,NA,NA,38.5,7.3,513.7
9/26/2019,2019,Fall,Downstream,03DRFA19.DSH,03DRFA19,DSH,14.5,22.5,72.5,5,2019-09-26T18:04:00Z,NA,NA,NA,7.4,NA,NA,NA,NA,14.63333333,217.2,NA,NA,38.5,7.3,513.7
9/26/2019,2019,Fall,Downstream,03DRFA19.DSP,03DRFA19,DSP,14.75,22.5,75,2.5,2019-09-26T18:08:00Z,NA,NA,NA,7.36,NA,NA,NA,NA,16.56666667,218.2333333,NA,NA,38.5,7.3,513.7
9/26/2019,2019,Fall,Downstream,03DRFA19.DSR,03DRFA19,DSR,15.5,17.5,81.5,1,2019-09-26T18:06:00Z,NA,NA,NA,7.45,NA,NA,NA,NA,27.23333333,219.1666667,NA,NA,38.5,7.3,513.7
10/3/2019,2019,Fall,Upstream,03URFA19.UM,03URFA19,UM,25.5,20,72.5,7.5,2019-10-03T17:55:00Z,NA,NA,NA,7.96,NA,NA,NA,NA,7.5,218.5666667,NA,NA,25.3,10.4,495.95
10/3/2019,2019,Fall,Upstream,03URFA19.USH,03URFA19,USH,43.25,15,77.5,12.5,2019-10-03T17:50:00Z,NA,NA,NA,7.98,NA,NA,NA,NA,9.2,219.725,NA,NA,25.3,10.4,495.95
10/3/2019,2019,Fall,Upstream,03URFA19.USR,03URFA19,USR,29,10,55,10,2019-10-03T17:55:00Z,NA,NA,NA,8,NA,NA,NA,NA,11.35,218.475,NA,NA,25.3,10.4,495.95
10/3/2019,2019,Fall,Upstream,03URFA19.USU,03URFA19,USU,12,52.5,37.5,10,2019-10-03T17:55:00Z,NA,NA,NA,7.95,NA,NA,NA,NA,10.46666667,217.3,NA,NA,25.3,10.4,495.95
6/5/2020,2020,Summer,Upstream,01URSU20.UFR,01URSU20,UFR,31.5,12,82.5,3,2020-06-05T18:20:00Z,42.31933612,-72.65475864,45.59878052,8.12,20.1,10.45839551,99.3852837,5.00E-04,2.25,157.8,NA,NA,25.8,3.8,429.65
6/5/2020,2020,Summer,Upstream,01URSU20.UM,01URSU20,UM,28,37.5,61.5,1,2020-06-05T17:44:00Z,42.31917941,-72.65465462,62.72514144,8.11,19.8,10.49733918,637.8037884,0.11315,0.95,156.45,NA,NA,25.8,3.8,429.65
6/5/2020,2020,Summer,Upstream,01URSU20.USH,01URSU20,USH,17.25,25,70,5,2020-06-05T19:00:00Z,42.32047008,-72.65372257,70.28418291,8.04,20.4,10.1511708,149.5222047,0.05425,0.95,144.25,NA,NA,25.8,3.8,429.65
6/5/2020,2020,Summer,Upstream,01URSU20.USR,01URSU20,USR,28.25,5,82.5,12.5,2020-06-05T16:50:00Z,42.31917079,-72.65484843,50.95975643,8.02,19.3,10.44,169,0,3.45,162.05,NA,NA,25.8,3.8,429.65
6/5/2020,2020,Summer,Upstream,01URSU20.USU,01URSU20,USU,15.5,30,65,5,2020-06-05T19:31:00Z,42.32046628,-72.65369286,54.80097865,7.97,20.7,9.843183241,467.6684467,0.14245,1.75,144.4,NA,NA,25.8,3.8,429.65
6/6/2020,2020,Summer,Downstream,01DRSU20.DFR,01DRSU20,DFR,18.5,12,86,2,2020-06-06T15:10:00Z,42.31501547,-72.64116613,43.04634169,7.42,22.6,9.287265633,1148.395982,0.1724,6.8,159,NA,NA,25.8,3,445.2
6/6/2020,2020,Summer,Downstream,01DRSU20.DM,01DRSU20,DM,15.5,10,88,2,2020-06-06T15:30:00Z,42.31525924,-72.64110975,53.99024387,7.45,22.4,9.286555929,1207.833401,0,6.2,158.6,NA,NA,25.8,3,445.2
6/6/2020,2020,Summer,Downstream,01DRSU20.DSH,01DRSU20,DSH,14,10,90,0,2020-06-06T15:50:00Z,42.31519262,-72.64115403,49.44390199,7.43,22.6,9.365845636,39.77487254,0.3985,2.9,158.8,NA,NA,25.8,3,445.2
6/6/2020,2020,Summer,Downstream,01DRSU20.DSP,01DRSU20,DSP,15,20,75,5,2020-06-06T16:20:00Z,42.3153908,-72.64115273,45.79268237,7.44,22.5,9.202787201,1430.890283,0.2398,2.4,160.5,NA,NA,25.8,3,445.2
6/6/2020,2020,Summer,Downstream,01DRSU20.DSR,01DRSU20,DSR,19,9,90,1,2020-06-06T14:40:00Z,42.31485813,-72.64114231,41.17073161,7.43,22,9.456971629,1230.941595,0.0829,2.2,160.3,NA,NA,25.8,3,445.2
6/7/2020,2020,Summer,Downstream,02DRSU20.DFR,02DRSU20,DFR,16.4,15,70,15,2020-06-07T18:28:00Z,42.31507753,-72.64116669,48,7.19,20.4,8.972204372,97.97916856,0.0768,8.1,180.7,NA,NA,27.3,4.5,454.65
6/7/2020,2020,Summer,Downstream,02DRSU20.DM,02DRSU20,DM,16.1,3,95,2,2020-06-07T19:00:00Z,42.31512088,-72.64111403,46.64878064,7.21,20.4,9.060270753,116.2497942,0.0728,10,180.6,NA,NA,27.3,4.5,454.65
6/7/2020,2020,Summer,Downstream,02DRSU20.DSH,02DRSU20,DSH,16.8,5,95,0,2020-06-07T19:15:00Z,42.31530681,-72.64121809,47.13157935,7.2,20.1,9.121988651,46.12248118,0.1386,12.7,179.1,NA,NA,27.3,4.5,454.65
6/7/2020,2020,Summer,Downstream,02DRSU20.DSP,02DRSU20,DSP,11.9,30,65,5,2020-06-07T19:45:00Z,42.31550905,-72.64113933,56.32682893,7.26,20.1,9.262709875,161.1913637,0.07,9.5,181.2,NA,NA,27.3,4.5,454.65
6/7/2020,2020,Summer,Downstream,02DRSU20.DSR,02DRSU20,DSR,19,10,85,5,2020-06-07T18:00:00Z,42.31501733,-72.64105243,70.66097501,7.19,20.5,9.04136897,89.48747502,0.1901,9.7,182,NA,NA,27.3,4.5,454.65
6/7/2020,2020,Summer,Upstream,02URSU20.UFR,02URSU20,UFR,32.05,22.5,75,2.5,2020-06-07T15:00:00Z,42.31925901,-72.65452938,54.73241318,7.54,17.85,10.00298959,65.06973089,0.0469,5.8,166.6,NA,NA,27.3,4.5,454.65
6/7/2020,2020,Summer,Upstream,02URSU20.UM,02URSU20,UM,24.35,45,55,0,2020-06-07T14:40:00Z,42.3194778,-72.65476398,82.59611758,7.565,17.9,10.00339351,223.8503628,0.4118,3.5,163.55,NA,NA,27.3,4.5,454.65
6/7/2020,2020,Summer,Upstream,02URSU20.USH,02URSU20,USH,25.6,37.5,55,7.5,2020-06-07T15:30:00Z,42.32050998,-72.6537069,56.82804885,7.65,18.15,10.12865126,69.41817528,0.16765,5.7,148.35,NA,NA,27.3,4.5,454.65
6/7/2020,2020,Summer,Upstream,02URSU20.USR,02URSU20,USR,15.85,30,62.5,7.5,2020-06-07T14:00:00Z,42.31929603,-72.65479623,64.2292681,7.47,17.7,9.725093857,86.8930373,-1.50E-04,5.4,172.35,NA,NA,27.3,4.5,454.65
6/7/2020,2020,Summer,Upstream,02URSU20.USU,02URSU20,USU,15,22.5,75,2.5,2020-06-07T15:46:00Z,42.32043525,-72.65364292,73.09797803,7.68,18.1,10.1329983,143.0338483,0.07235,5.7,148.1,NA,NA,27.3,4.5,454.65
6/8/2020,2020,Summer,Upstream,03URSU20.UFR,03URSU20,UFR,31.7,35,65,0,2020-06-08T15:00:00Z,42.31942215,-72.65459908,56.55481325,7.57,16.35,10.42475987,74.77021936,0.05385,2.95,172.95,NA,NA,21.5,4.5,460.8
6/8/2020,2020,Summer,Upstream,03URSU20.UM,03URSU20,UM,19.4,27.5,72.5,0,2020-06-08T14:36:00Z,42.31925662,-72.65480116,52.62561007,7.58,16.2,10.4923785,321.1464993,0.1784,3.7,170.5,NA,NA,21.5,4.5,460.8
6/8/2020,2020,Summer,Upstream,03URSU20.USH,03URSU20,USH,17.4,32,67.5,0.5,2020-06-08T15:27:00Z,42.32047054,-72.6537778,70.17560987,7.68,17.1,10.51689089,71.48742676,0.01285,6.1,151.8,NA,NA,21.5,4.5,460.8
6/8/2020,2020,Summer,Upstream,03URSU20.USR,03URSU20,USR,22.8,46,40,14,2020-06-08T14:15:00Z,42.31928342,-72.65481344,54.24634134,7.51,15.9,10.28477826,33.10181374,0,3.15,174.1,NA,NA,21.5,4.5,460.8
6/8/2020,2020,Summer,Upstream,03URSU20.USU,03URSU20,USU,19.1,43,55,2,2020-06-08T15:54:00Z,42.32037033,-72.65368727,85.71341519,7.7,17.3,10.54170688,1517.565972,0.25315,3.4,152.7,NA,NA,21.5,4.5,460.8
6/9/2020,2020,Summer,Downstream,03DRSU20.DFR,03DRSU20,DFR,15,35,60,5,2020-06-09T14:30:00Z,42.31509511,-72.64113115,46.13902422,7.37,18.6,9.776858877,146.8960074,0,3,168.2,NA,NA,21.5,4.5,475.25
6/9/2020,2020,Summer,Downstream,03DRSU20.DM,03DRSU20,DM,18,20,78,2,2020-06-09T16:00:00Z,42.31513465,-72.64106992,38.30243962,7.4,19.1,9.719096857,200.4321786,0.2659,6.1,167.7,NA,NA,21.5,4.5,475.25
6/9/2020,2020,Summer,Downstream,03DRSU20.DSH,03DRSU20,DSH,14.5,19,80,1,2020-06-09T15:00:00Z,42.31527449,-72.6412093,41.46097546,7.37,18.7,9.747934496,46.01766897,0.4873,1.9,167.7,NA,NA,21.5,4.5,475.25
6/9/2020,2020,Summer,Downstream,03DRSU20.DSP,03DRSU20,DSP,11.5,37,60,3,2020-06-09T15:30:00Z,42.31537796,-72.6412815,19.31951211,7.41,18.9,9.757799382,1125.231898,0.1485,5.1,169,NA,NA,21.5,4.5,475.25
6/9/2020,2020,Summer,Downstream,03DRSU20.DSR,03DRSU20,DSR,16,20,75,5,2020-06-09T14:00:00Z,42.31497285,-72.64115273,46.60487803,7.39,18.9,10.0146728,430.7281139,8.00E-04,8.2,176.2,NA,NA,21.5,4.5,475.25
9/18/2020,2020,Fall,Downstream,01DRFA20.DFR,01DRFA20,DFR,15.25,25,67.5,7.5,2020-09-18T15:55:00Z,42.3150979,-72.64111031,43.08170733,7.41,16.05,10.38105355,68.32522016,0.05655,12.75,193.35,NA,NA,77.8,22.1,564.55
9/18/2020,2020,Fall,Downstream,01DRFA20.DM,01DRFA20,DM,16.25,15,81.5,3.5,2020-09-18T16:15:00Z,42.3150372,-72.64118344,67.84756084,7.42,16.05,10.41761118,140.7991454,0.13595,12.45,195,NA,NA,77.8,22.1,564.55
9/18/2020,2020,Fall,Downstream,01DRFA20.DSH,01DRFA20,DSH,11.25,22.5,75,2.5,2020-09-18T16:30:00Z,42.31524505,-72.64123991,66.98536589,7.395,16.1,10.54863438,31.83586653,0.18315,16.35,193.4,NA,NA,77.8,22.1,564.55
9/18/2020,2020,Fall,Downstream,01DRFA20.DSP,01DRFA20,DSP,11.5,27.5,70,2.5,2020-09-18T16:50:00Z,42.31540694,-72.64109802,48.3548778,7.465,15.95,10.61258265,152.7444706,0,12.4,193.25,NA,NA,77.8,22.1,564.55
9/18/2020,2020,Fall,Downstream,01DRFA20.DSR,01DRFA20,DSR,16.25,7.5,86,6.5,2020-09-18T15:30:00Z,42.31497932,-72.64111273,44.05731713,7.445,16.65,10.33900359,76.11030756,0,13.75,194.2,NA,NA,77.8,22.1,564.55
9/19/2020,2020,Fall,Upstream,01URFA20.UFR,01URFA20,UFR,23,6.5,85,8.5,2020-09-19T14:45:00Z,42.320939,-72.65473,57.5,7.615,11.7,11.39,16,0.007,11.75,202.9,NA,NA,67.6,22.1,556.2
9/19/2020,2020,Fall,Upstream,01URFA20.UM,01URFA20,UM,14,7,92.5,0.5,2020-09-19T14:30:00Z,42.319335,-72.65477,57,7.65,11.7,11.005,33.5,0.205,8.55,202.1,NA,NA,67.6,22.1,556.2
9/19/2020,2020,Fall,Upstream,01URFA20.USH,01URFA20,USH,19.75,20,72.5,7.5,2020-09-19T15:20:00Z,42.32047435,-72.65373574,60.05487791,7.735,12.55,11.69343029,433.1287118,0.011,10.85,187.95,NA,NA,67.6,22.1,556.2
9/19/2020,2020,Fall,Upstream,01URFA20.USR,01URFA20,USR,15,27.5,65,7.5,2020-09-19T14:20:00Z,42.319245,-72.654835,51,7.475,11.5,10.815,46,0,14,204.8,NA,NA,67.6,22.1,556.2
9/19/2020,2020,Fall,Upstream,01URFA20.USU,01URFA20,USU,27.25,45,50,5,2020-09-19T15:11:00Z,42.32053324,-72.65374365,91.09512209,7.76,12.5,11.765,1103.363037,0.0115,11.1,187.25,NA,NA,67.6,22.1,556.2
9/20/2020,2020,Fall,Downstream,02DRFA20.DFR,02DRFA20,DFR,17.25,10,80,10,2020-09-20T14:51:00Z,42.31517538,-72.64116932,36.11538472,7.355,13.85,10.83502071,75.17605293,0.0391,16.65,201.2,NA,NA,67.6,22.1,546.45
9/20/2020,2020,Fall,Downstream,02DRFA20.DM,02DRFA20,DM,15.75,17.5,77.5,5,2020-09-20T15:07:00Z,42.31512818,-72.64102926,40.3910255,7.39,14.3,10.84698778,76.55585684,0.0272,16.35,200.05,NA,NA,67.6,22.1,546.45
9/20/2020,2020,Fall,Downstream,02DRFA20.DSH,02DRFA20,DSH,15,12.5,70,17.5,2020-09-20T14:30:00Z,42.31532889,-72.64118096,42.94358972,7.35,13.85,10.77270427,271.2273016,0.3078,17.6,200.85,NA,NA,67.6,22.1,546.45
9/20/2020,2020,Fall,Downstream,02DRFA20.DSP,02DRFA20,DSP,11.5,17.5,72.5,10,2020-09-20T14:20:00Z,42.31542832,-72.64112952,41.35384609,7.375,13.85,10.68134268,43.04978906,0.02865,16.7,201.75,NA,NA,67.6,22.1,546.45
9/20/2020,2020,Fall,Downstream,02DRFA20.DSR,02DRFA20,DSR,14,16.5,75,8.5,2020-09-20T14:56:00Z,42.31511023,-72.64106311,46.9820516,7.345,14.35,11.22320206,887.442333,0,14,201.3,NA,NA,67.6,22.1,546.45
9/25/2020,2020,Fall,Upstream,02URFA20.UM,02URFA20,UM,16,7.5,85,7.5,2020-09-25T17:11:00Z,42.31941336,-72.65481421,54.11666675,8.195,15.4,11.83943179,198.2265566,0.38325,8.75,213.4,NA,NA,67.6,0,488.6
9/25/2020,2020,Fall,Upstream,02URFA20.USH,02URFA20,USH,22.5,20,75,5,2020-09-25T17:53:00Z,42.32043758,-72.65370061,69.70769364,8.245,15.85,11.40094656,96.01117346,0.0908,9.6,197.2,NA,NA,67.6,0,488.6
9/25/2020,2020,Fall,Upstream,02URFA20.USR,02URFA20,USR,14,10,85,5,2020-09-25T16:45:00Z,42.31920926,-72.65627286,29.49487182,7.815,15.5,11.58296595,84.77023837,6.50E-04,9.7,218.45,NA,NA,67.6,0,488.6
9/25/2020,2020,Fall,Upstream,02URFA20.USU,02URFA20,USU,20.25,25,70,5,2020-09-25T18:08:00Z,42.32028644,-72.65355252,68.62435913,8.295,15.85,11.55189127,126.5046655,0.15635,7.85,196.25,NA,NA,67.6,0,488.6
9/26/2020,2020,Fall,Downstream,03DRFA20.DFR,03DRFA20,DFR,14.75,12.5,77.5,10,2020-09-26T14:55:00Z,42.31522243,-72.64116631,45.78170758,7.335,16.8,10.154587,65.50811058,0.08795,14.05,210.15,NA,NA,67.6,0,491.65
9/26/2020,2020,Fall,Downstream,03DRFA20.DM,03DRFA20,DM,11,7.5,85,7.5,2020-09-26T15:41:00Z,42.31511018,-72.64111729,76.84512181,7.405,16.9,10.4622634,145.2281863,0.0761,14.1,204.4,NA,NA,67.6,0,491.65
9/26/2020,2020,Fall,Downstream,03DRFA20.DSH,03DRFA20,DSH,14.25,7.5,82.5,10,2020-09-26T14:35:00Z,42.31536991,-72.64119907,44.37317062,7.31,16.8,10.17885493,8.793764337,0.0924,13,216.2,NA,NA,67.6,0,491.65
9/26/2020,2020,Fall,Downstream,03DRFA20.DSP,03DRFA20,DSP,13.5,12.5,82.5,5,2020-09-26T14:20:00Z,42.31534735,-72.64107188,49.73292654,7.35,17,9.943233208,40.20602204,0,24.6,224.65,NA,NA,67.6,0,491.65
9/26/2020,2020,Fall,Downstream,03DRFA20.DSR,03DRFA20,DSR,13,7.5,87.5,5,2020-09-26T15:20:00Z,42.31498653,-72.64111245,50.54268321,7.335,16.9,9.969113748,112.5207058,0,27.75,201.85,NA,NA,67.6,0,491.65
9/27/2020,2020,Fall,Upstream,03URFA20.UM,03URFA20,UM,13.25,22.5,67.5,10,2020-09-27T15:35:00Z,42.31931981,-72.65482038,63.17451886,7.795,16.9,10.96369668,165.2575432,0.2252,14.5,223.75,NA,NA,49.6,0,493.6
9/27/2020,2020,Fall,Upstream,03URFA20.USH,03URFA20,USH,14.75,35,57.5,7.5,2020-09-27T16:45:00Z,42.32047081,-72.65367098,52.71219496,8.03,17.5,10.94422338,75.08654927,0,9.55,202.75,NA,NA,49.6,0,493.6
9/27/2020,2020,Fall,Upstream,03URFA20.USR,03URFA20,USR,13.25,10,82.5,7.5,2020-09-27T15:15:00Z,42.31921001,-72.65478851,50.30975635,7.515,17.2,10.47652056,88.69925209,0,31.65,224.6,NA,NA,49.6,0,493.6
9/27/2020,2020,Fall,Upstream,03URFA20.USU,03URFA20,USU,19,12.5,82.5,5,2020-09-27T16:25:00Z,42.32037214,-72.65360716,69.31097589,8.015,17.25,11.0875481,139.9284186,0.1347,7.65,202.35,NA,NA,49.6,0,493.6
6/2/2021,2021,Summer,Upstream,01URSU21.UFR,01URSU21,UFR,36.5,5,95,0,2021-06-02T18:06:00Z,42.31942,-72.6547,53,7.56,15.4,10.58,83,0.001,8.3,119.1,NA,NA,132.2,64.9,438.1
6/2/2021,2021,Summer,Upstream,01URSU21.UM,01URSU21,UM,32,5,95,0,2021-06-02T18:20:00Z,42.3193,-72.65471,34,7.54,15.7,10.59,122,0.6,6,114.6,NA,NA,132.2,64.9,438.1
6/2/2021,2021,Summer,Upstream,01URSU21.USH,01URSU21,USH,21,10,90,0,2021-06-02T18:51:00Z,42.32045,-71.363,51,7.54,15.6,10.64,138,0.464,5.6,108.5,NA,NA,132.2,64.9,438.1
6/2/2021,2021,Summer,Upstream,01URSU21.USR,01URSU21,USR,24,10,90,0,2021-06-02T17:50:00Z,42.31916,-72.65471,88,7.56,15.8,10.58,158,0.015,7.4,119.1,NA,NA,132.2,64.9,438.1
6/2/2021,2021,Summer,Upstream,01URSU21.USU,01URSU21,USU,21,20,80,0,2021-06-02T18:41:00Z,42.32039,-71.352,72,7.54,15.6,10.68,226,0.272,6.4,107.6,NA,NA,132.2,64.9,438.1
6/3/2021,2021,Summer,Downstream,01DRSU21.DFR,01DRSU21,DFR,14.75,15,80,5,2021-06-03T17:45:00Z,42.31505,-72.64116,45,7.46,17,10.29,113,0.213,8.6,122.5,NA,NA,120,64.9,440.6
6/3/2021,2021,Summer,Downstream,01DRSU21.DM,01DRSU21,DM,26,30,63,7,2021-06-03T18:03:00Z,42.31517,-72.64103,65,7.42,16.9,10.31,250,0.216,8.6,121.9,NA,NA,120,64.9,440.6
6/3/2021,2021,Summer,Downstream,01DRSU21.DSH,01DRSU21,DSH,18,15,85,0,2021-06-03T18:11:00Z,42.31523,-72.64107,48,7.42,17.1,10.29,60,0.59,10,122.1,NA,NA,120,64.9,440.6
6/3/2021,2021,Summer,Downstream,01DRSU21.DSP,01DRSU21,DSP,12,15,85,0,2021-06-03T18:23:00Z,42.31524,-72.64074,75,7.42,16.9,10.37,253,0.233,9.6,122.9,NA,NA,120,64.9,440.6
6/3/2021,2021,Summer,Downstream,01DRSU21.DSR,01DRSU21,DSR,12.9,25,70,5,2021-06-03T17:33:00Z,42.31493,-72.64104,60,7.46,17.1,10.37,143,0.298,7.8,125.1,NA,NA,120,64.9,440.6
6/7/2021,2021,Summer,Upstream,02URSU21.UFR,02URSU21,UFR,28,7,91.5,1.5,2021-06-07T14:45:00Z,42.379195,-72.654715,53.5,7.58,20.45,9.61,49.5,5.00E-04,9.25,146.5,NA,NA,76.6,65.7,485.65
6/7/2021,2021,Summer,Upstream,02URSU21.UM,02URSU21,UM,12.5,11,88,1,2021-06-07T14:20:00Z,42.379255,-72.65482,48,7.545,20.35,9.6,161.5,0.5155,9.85,145.6,NA,NA,76.6,65.7,485.65
6/7/2021,2021,Summer,Upstream,02URSU21.USH,02URSU21,USH,22.25,32,65,3,2021-06-07T15:37:00Z,42.37204,-72.653655,52.5,7.67,21.1,9.625,168,0.122,8.9,131.6,NA,NA,76.6,65.7,485.65
6/7/2021,2021,Summer,Upstream,02URSU21.USR,02URSU21,USR,19.5,25,72,3,2021-06-07T13:58:00Z,42.37922,-72.65486,47,7.525,20.1,9.515,86,0,8.25,149.95,NA,NA,76.6,65.7,485.65
6/7/2021,2021,Summer,Upstream,02URSU21.USU,02URSU21,USU,14.5,6,94,0,2021-06-07T15:12:00Z,42.37204,-72.65361,66,7.685,21.15,9.665,1022,0.108,10.4,133.1,NA,NA,76.6,65.7,485.65
6/8/2021,2021,Summer,Downstream,02DRSU21.DFR,02DRSU21,DFR,23.05,40,59,1,2021-06-08T14:30:00Z,42.31512,-72.641165,55,7.275,22.55,8.815,1108,0.1975,9,143.6,NA,NA,76.6,65.7,504.85
6/8/2021,2021,Summer,Downstream,02DRSU21.DM,02DRSU21,DM,18.5,22.5,76.5,1,2021-06-08T15:12:00Z,42.31515,-72.64109,54,7.29,23.15,8.72,183.5,0.0825,13.25,144.35,NA,NA,76.6,65.7,504.85
6/8/2021,2021,Summer,Downstream,02DRSU21.DSH,02DRSU21,DSH,16.45,12.5,81.75,0.75,2021-06-08T15:38:00Z,42.3153,-72.641165,53.5,7.295,23.9,8.805,51,0.3995,12.7,146.7,NA,NA,76.6,65.7,504.85
6/8/2021,2021,Summer,Downstream,02DRSU21.DSP,02DRSU21,DSP,6.25,12.5,85,2.5,2021-06-08T16:00:00Z,42.315315,-72.64099,55,7.225,23.35,8.715,553.5,0.3035,10.2,147.05,NA,NA,76.6,65.7,504.85
6/8/2021,2021,Summer,Downstream,02DRSU21.DSR,02DRSU21,DSR,21.75,27.5,69,3.5,2021-06-08T14:07:00Z,42.314845,-72.640945,39,7.315,22.25,8.825,535,0.0775,10.2,145.75,NA,NA,76.6,65.7,504.85
6/10/2021,2021,Summer,Upstream,03URSU21.UFR,03URSU21,UFR,30.75,12,87,1,2021-06-10T18:12:00Z,42.319325,-72.65457,65.5,7.755,21.95,9.58,1291,0.1295,8.25,147.85,NA,NA,95.2,85,530.1
6/10/2021,2021,Summer,Upstream,03URSU21.UM,03URSU21,UM,13,5,95,0,2021-06-10T18:31:00Z,42.31933,-72.65481,55.5,7.78,22.05,9.5,1219,0.41,6.85,144.5,NA,NA,95.2,85,530.1
6/10/2021,2021,Summer,Upstream,03URSU21.USH,03URSU21,USH,22.7,15,85,0,2021-06-10T19:06:00Z,42.32048,-72.65366,64.5,7.725,22.1,9.31,187.5,0.122,8.2,136.25,NA,NA,95.2,85,530.1
6/10/2021,2021,Summer,Upstream,03URSU21.USR,03URSU21,USR,25.25,74.5,22.5,3,2021-06-10T17:46:00Z,42.319235,-72.654785,53.5,7.68,21.8,9.645,154.5,0.001,15.15,151.7,NA,NA,95.2,85,530.1
6/10/2021,2021,Summer,Upstream,03URSU21.USU,03URSU21,USU,16.25,20,79,1,2021-06-10T18:52:00Z,42.320345,-72.65362,63,7.745,22,9.37,1114,0.177,8.3,136.4,NA,NA,95.2,85,530.1
6/11/2021,2021,Summer,Downstream,03DRSU21.DFR,03DRSU21,DFR,18.5,30,62.5,7.5,2021-06-11T17:59:00Z,42.31538,-72.64114,50,7.375,20.8,9.295,157.5,0.057,8.05,151.8,NA,NA,95.2,85,539
6/11/2021,2021,Summer,Downstream,03DRSU21.DM,03DRSU21,DM,15.25,37.5,57.5,5,2021-06-11T18:20:00Z,42.31511,-72.641135,66,7.345,20.55,9.32,349.5,0.0815,9.1,152.7,NA,NA,95.2,85,539
6/11/2021,2021,Summer,Downstream,03DRSU21.DSH,03DRSU21,DSH,16,8,82.5,5,2021-06-11T18:35:00Z,42.315285,-72.641185,38,7.345,20.65,9.315,90.5,0.46,9.25,151.6,NA,NA,95.2,85,539
6/11/2021,2021,Summer,Downstream,03DRSU21.DSP,03DRSU21,DSP,8,17.5,84.5,3,2021-06-11T19:55:00Z,42.315475,-72.64104,48,7.36,20.25,9.355,229.5,0.1885,9.2,151.15,NA,NA,95.2,85,539
6/11/2021,2021,Summer,Downstream,03DRSU21.DSR,03DRSU21,DSR,17,22.5,72.5,5,2021-06-11T17:35:00Z,42.31499,-72.641145,39,7.395,20.7,9.24,83,0,10.15,154.05,NA,NA,95.2,85,539
9/17/2018,2018,Fall,Downstream,01DRFA18.DFR,01DRFA18,DFR,14.75,17.5,77.5,5,2018-09-17T17:45:00Z,NA,NA,NA,NA,NA,NA,NA,NA,12.4,135,NA,NA,107.3,75.5,637.8
9/17/2018,2018,Fall,Downstream,01DRFA18.DM,01DRFA18,DM,19.5,12.5,77.5,10,2018-09-17T17:45:00Z,NA,NA,NA,NA,NA,NA,NA,NA,4.2,135,NA,NA,107.3,75.5,637.8
9/17/2018,2018,Fall,Downstream,01DRFA18.DSH,01DRFA18,DSH,29.5,19.5,79.5,1,2018-09-17T17:45:00Z,NA,NA,NA,NA,NA,NA,NA,NA,5.2,136.4,NA,NA,107.3,75.5,637.8
9/17/2018,2018,Fall,Downstream,01DRFA18.DSP,01DRFA18,DSP,12.5,17.5,82.5,0,2018-09-17T17:45:00Z,NA,NA,NA,NA,NA,NA,NA,NA,6.3,135.5,NA,NA,107.3,75.5,637.8
9/17/2018,2018,Fall,Downstream,01DRFA18.DSR,01DRFA18,DSR,31,11,82.5,6.5,2018-09-17T17:45:00Z,NA,NA,NA,NA,NA,NA,NA,NA,11.9,137.1,NA,NA,107.3,75.5,637.8
9/24/2018,2018,Fall,Upstream,01URFA18.UFR,01URFA18,UFR,33,4,83.5,12.5,2018-09-24T17:45:00Z,NA,NA,NA,NA,NA,NA,NA,NA,5.3,117.5,NA,NA,150.9,148.9,620.1
9/24/2018,2018,Fall,Upstream,01URFA18.UM,01URFA18,UM,28.25,30,70,0,2018-09-24T17:45:00Z,NA,NA,NA,NA,NA,NA,NA,NA,9.2,118.7,NA,NA,150.9,148.9,620.1
9/24/2018,2018,Fall,Upstream,01URFA18.USH,01URFA18,USH,22,37.5,57.5,5,2018-09-24T17:45:00Z,NA,NA,NA,NA,NA,NA,NA,NA,9.6,109.7,NA,NA,150.9,148.9,620.1
9/24/2018,2018,Fall,Upstream,01URFA18.USR,01URFA18,USR,27.75,17.5,82.5,0,2018-09-24T17:45:00Z,NA,NA,NA,NA,NA,NA,NA,NA,9.6,117.8,NA,NA,150.9,148.9,620.1
9/24/2018,2018,Fall,Upstream,01URFA18.USU,01URFA18,USU,29.25,19.5,77.5,3,2018-09-24T17:45:00Z,NA,NA,NA,NA,NA,NA,NA,NA,2.5,109.2,NA,NA,150.9,148.9,620.1
9/25/2018,2018,Fall,Downstream,02DRFA18.DFR,02DRFA18,DFR,23,14,82.5,3.5,2018-09-25T12:30:00Z,NA,NA,NA,7.73,NA,NA,NA,NA,7.7,120.3,NA,NA,150.9,98.9,611.2
9/25/2018,2018,Fall,Downstream,02DRFA18.DM,02DRFA18,DM,37,4,96,0,2018-09-25T12:30:00Z,NA,NA,NA,7.68,NA,NA,NA,NA,9.9,119,NA,NA,150.9,98.9,611.2
9/25/2018,2018,Fall,Downstream,02DRFA18.DSH,02DRFA18,DSH,25.5,22.5,75,2.5,2018-09-25T12:30:00Z,NA,NA,NA,7.58,NA,NA,NA,NA,10.5,119.9,NA,NA,150.9,98.9,611.2
9/25/2018,2018,Fall,Downstream,02DRFA18.DSP,02DRFA18,DSP,17.5,5,95,0,2018-09-25T12:30:00Z,NA,NA,NA,7.42,NA,NA,NA,NA,4.3,123.5,NA,NA,150.9,98.9,611.2
9/25/2018,2018,Fall,Downstream,02DRFA18.DSR,02DRFA18,DSR,23.5,2.5,77.5,20,2018-09-25T12:30:00Z,NA,NA,NA,7.66,NA,NA,NA,NA,7.8,120.4,NA,NA,150.9,98.9,611.2
10/2/2018,2018,Fall,Upstream,02URFA18.UFR,02URFA18,UFR,18.5,5.5,94,0.5,2018-10-02T17:45:00Z,NA,NA,NA,7.49,NA,NA,NA,NA,11.7,101.3,NA,NA,242.1,133.1,547.8
10/2/2018,2018,Fall,Upstream,02URFA18.UM,02URFA18,UM,43.5,27.5,65,7.5,2018-10-02T17:45:00Z,NA,NA,NA,7.39,NA,NA,NA,NA,11.6,97.1,NA,NA,242.1,133.1,547.8
10/2/2018,2018,Fall,Upstream,02URFA18.USH,02URFA18,USH,32,2.5,97.5,0,2018-10-02T17:45:00Z,NA,NA,NA,7.54,NA,NA,NA,NA,9.8,93.2,NA,NA,242.1,133.1,547.8
10/3/2019,2019,Fall,Upstream,03URFA19.UFR,03URFA19,UFR,26,15,80,5,2019-10-03T17:55:00Z,NA,NA,NA,7.98,NA,NA,NA,NA,9.933333333,218.1,NA,NA,25.3,10.4,495.95
9/25/2020,2020,Fall,Upstream,02URFA20.UFR,02URFA20,UFR,32.5,35,60,5,2020-09-25T17:11:00Z,42.31945116,-72.65461105,68.93076902,8.135,15.4,11.81369887,24.64108351,1.00E-04,7.4,214.5,NA,NA,67.6,0,488.6
9/27/2020,2020,Fall,Upstream,03URFA20.UFR,03URFA20,UFR,27,27.5,67.5,5,2020-09-27T15:35:00Z,42.31929449,-72.65464262,77.93658485,7.77,17.05,10.88946183,46.44526992,0,18.4,221.15,NA,NA,49.6,0,493.6
9/22/2021,2021,Fall,Upstream,01URFA21.UFR,01URFA21,UFR,39.65,12.5,87.5,0,2021-09-22T18:30:00Z,NA,NA,NA,7.8,18.3,10.37,40,0.006,10.5,141.5,NA,NA,153.4,29.2,592.2
9/22/2021,2021,Fall,Upstream,01URFA21.UM,01URFA21,UM,27.5,17.5,77.5,5,2021-09-22T18:20:00Z,NA,NA,NA,7.83,18.5,10.38,112,0.279,5.1,148.8,NA,NA,153.4,29.2,592.2
9/22/2021,2021,Fall,Upstream,01URFA21.USH,01URFA21,USH,21.5,25,72,3,2021-09-22T19:03:00Z,NA,NA,NA,7.72,19.6,9.65,32,0.695,4.6,128.1,NA,NA,153.4,29.2,592.2
9/22/2021,2021,Fall,Upstream,01URFA21.USR,01URFA21,USR,22.75,20,77,3,2021-09-22T18:26:00Z,NA,NA,NA,7.79,18.9,10.31,94,0.005,9.5,143.6,NA,NA,153.4,29.2,592.2
9/22/2021,2021,Fall,Upstream,01URFA21.USU,01URFA21,USU,25.5,15,75,10,2021-09-22T19:00:00Z,NA,NA,NA,7.77,19.6,9.99,132,0.217,2.9,126.9,NA,NA,153.4,29.2,592.2
9/23/2021,2021,Fall,Downstream,01DRFA21.DFR,01DRFA21,DFR,12.5,25,72,3,2021-09-23T18:10:00Z,NA,NA,NA,7.42,20.8,9.6,50,NA,7.5,140.4,NA,NA,129,26.2,588.9
9/23/2021,2021,Fall,Downstream,01DRFA21.DM,01DRFA21,DM,18.5,12.5,82.5,5,2021-09-23T18:16:00Z,NA,NA,NA,7.43,20.3,9.67,192,NA,2.9,140.1,NA,NA,129,26.2,588.9
9/23/2021,2021,Fall,Downstream,01DRFA21.DSH,01DRFA21,DSH,30,23,75,2,2021-09-23T18:20:00Z,NA,NA,NA,7.44,20.3,9.76,54,NA,6.2,141,NA,NA,129,26.2,588.9
9/23/2021,2021,Fall,Downstream,01DRFA21.DSP,01DRFA21,DSP,14,10,90,0,2021-09-23T18:26:00Z,NA,NA,NA,7.4,20.1,9.64,235,0.126,NA,NA,NA,NA,129,26.2,588.9
9/23/2021,2021,Fall,Downstream,01DRFA21.DSR,01DRFA21,DSR,24,15,80,5,2021-09-23T18:00:00Z,NA,NA,NA,7.46,20.5,9.73,53,NA,8.7,144.9,NA,NA,129,26.2,588.9
9/28/2021,2021,Fall,Downstream,02DRFA21.DFR,02DRFA21,DFR,15,10,85,5,2021-09-28T17:55:00Z,NA,NA,NA,7.32,16.9,NA,NA,NA,8.3,134.3,NA,NA,153.2,43.3,553.55
9/28/2021,2021,Fall,Downstream,02DRFA21.DM,02DRFA21,DM,28.5,5,95,0,2021-09-28T18:10:00Z,NA,NA,NA,7.28,16.4,NA,NA,NA,8.1,126.2,NA,NA,153.2,43.3,553.55
9/28/2021,2021,Fall,Downstream,02DRFA21.DSH,02DRFA21,DSH,30,5,90,5,2021-09-28T18:00:00Z,NA,NA,NA,7.28,16.4,NA,NA,NA,7.9,132.2,NA,NA,153.2,43.3,553.55
9/28/2021,2021,Fall,Downstream,02DRFA21.DSP,02DRFA21,DSP,10,15,80,5,2021-09-28T18:05:00Z,NA,NA,NA,7.29,16.2,NA,NA,NA,7.4,132.1,NA,NA,153.2,43.3,553.55
9/28/2021,2021,Fall,Downstream,02DRFA21.DSR,02DRFA21,DSR,39,55,44,1,2021-09-28T18:15:00Z,NA,NA,NA,7.29,16.4,NA,NA,NA,7.5,132,NA,NA,153.2,43.3,553.55
9/29/2021,2021,Fall,Downstream,03DRFA21.DFR,03DRFA21,DFR,18,5,90,5,2021-09-29T18:05:00Z,NA,NA,NA,7.38,15.8,10.47,55,0.489,8.6,131.3,NA,NA,158.3,48.4,545.2
9/29/2021,2021,Fall,Downstream,03DRFA21.DM,03DRFA21,DM,27,10,90,0,2021-09-29T17:58:00Z,NA,NA,NA,7.38,15.5,10.61,593,0.334,5,131,NA,NA,158.3,48.4,545.2
9/29/2021,2021,Fall,Downstream,03DRFA21.DSH,03DRFA21,DSH,20,10,85,5,2021-09-29T18:13:00Z,NA,NA,NA,7.43,16.1,10.72,36,0.025,12.9,136.1,NA,NA,158.3,48.4,545.2
9/29/2021,2021,Fall,Downstream,03DRFA21.DSP,03DRFA21,DSP,19.5,40,60,0,2021-09-29T18:20:00Z,NA,NA,NA,7.38,15.1,10.56,73,0.204,5.9,131.1,NA,NA,158.3,48.4,545.2
9/29/2021,2021,Fall,Downstream,03DRFA21.DSR,03DRFA21,DSR,21,10,80,10,2021-09-29T17:50:00Z,NA,NA,NA,7.43,16.2,10.61,42,0.004,21.1,135.9,NA,NA,158.3,48.4,545.2
9/30/2021,2021,Fall,Upstream,02URFA21.UFR,02URFA21,UFR,32.25,5.5,94,0.5,2021-09-30T18:11:00Z,42.31925,-72.65462,40,7.68,14.2,11.26,44,0.08,7.3,136.4,NA,NA,156.3,37.3,533.3
9/30/2021,2021,Fall,Upstream,02URFA21.UM,02URFA21,UM,21.5,22.5,62.5,15,2021-09-30T17:52:00Z,42.31932,-72.6548,65,7.72,14.6,11.27,125,0.256,7.6,133.2,NA,NA,156.3,37.3,533.3
9/30/2021,2021,Fall,Upstream,02URFA21.USH,02URFA21,USH,26.75,22.5,74,3.5,2021-09-30T18:40:00Z,42.32044,-72.6537,75,7.7,14.2,11.21,17,0.155,7.8,123.8,NA,NA,156.3,37.3,533.3
9/30/2021,2021,Fall,Upstream,02URFA21.USR,02URFA21,USR,17.5,10,89,1,2021-09-30T18:03:00Z,42.31927,-72.65476,66,7.65,14.3,11.23,82,0.039,6.9,135.6,NA,NA,156.3,37.3,533.3
9/30/2021,2021,Fall,Upstream,02URFA21.USU,02URFA21,USU,25.25,15,79.5,5.5,2021-09-30T18:50:00Z,42.32044,-72.65373,101,7.69,14,11.22,69,0.09,6,124,NA,NA,156.3,37.3,533.3
5/31/2022,2022,Summer,Upstream,01URSU22.UFR,01URSU22,UFR,30.25,16,84,0,2022-05-31T17:57:00Z,41.319405,-72.634415,NA,7.825,21.95,9.53,26,0.0185,3.15,77.4,0.8,32,77.6,45.6,478.2
5/31/2022,2022,Summer,Upstream,01URSU22.UM,01URSU22,UM,24.25,5,95,0,2022-05-31T17:00:00Z,41.319365,-72.63477,NA,7.91,21.35,9.705,446,0.4005,2.75,76.7,0.9,32,77.6,45.6,478.2
5/31/2022,2022,Summer,Upstream,01URSU22.USH,01URSU22,USH,21.25,27.5,70,2.5,2022-05-31T19:03:00Z,41.320485,-72.65365,NA,7.715,22.3,9.23,382.5,0.162,2.5,69.8,0.8,28,77.6,45.6,478.2
5/31/2022,2022,Summer,Upstream,01URSU22.USR,01URSU22,USR,19.9,10,85,5,2022-05-31T17:40:00Z,41.31921,-72.634805,NA,7.845,21.6,9.66,143,0,4.3,76.9,0.85,32,77.6,45.6,478.2
5/31/2022,2022,Summer,Upstream,01URSU22.USU,01URSU22,USU,19.7,5,95,0,2022-05-31T18:40:00Z,41.320325,-72.653665,NA,7.79,22.7,9.17,1006.5,0.238,2.75,69.65,0.7,28,77.6,45.6,478.2
6/1/2022,2022,Summer,Downstream,01DRSU22.DFR,01DRSU22,DFR,16.5,8,90,2,2022-06-01T16:37:00Z,42.31513,-72.64115,NA,7.38,20,9.27,100,0.123,6,76.5,0.9,30,80.6,48.6,488.75
6/1/2022,2022,Summer,Downstream,01DRSU22.DM,01DRSU22,DM,20.5,50,45,5,2022-06-01T16:50:00Z,42.31513,-72.64111,NA,7.38,19.7,9.18,101,0.043,6.3,76.7,0.8,30,80.6,48.6,488.75
6/1/2022,2022,Summer,Downstream,01DRSU22.DSH,01DRSU22,DSH,12,5,93,2,2022-06-01T16:56:00Z,42.31534,-72.64114,NA,7.37,19.6,9.23,27,0.261,5,77.1,0.8,32,80.6,48.6,488.75
6/1/2022,2022,Summer,Downstream,01DRSU22.DSP,01DRSU22,DSP,15,20,80,0,2022-06-01T17:11:00Z,42.31548,-72.6411,NA,7.36,19.6,9.17,131,0.278,6.2,75.9,0.8,32,80.6,48.6,488.75
6/1/2022,2022,Summer,Downstream,01DRSU22.DSR,01DRSU22,DSR,17,15,80,5,2022-06-01T16:28:00Z,42.31509,-72.64105,NA,7.4,20,9.25,110,0.036,7.2,78.2,1.1,30,80.6,48.6,488.75
6/6/2022,2022,Summer,Upstream,02URSU22.UFR,02URSU22,UFR,32.25,12.5,87.5,0,2022-06-06T17:25:00Z,42.31934,-72.65457,NA,7.72,18.6,9.925,46,0.0265,1.1,85.6,1,32,66.6,39.4,518.45
6/6/2022,2022,Summer,Upstream,02URSU22.UM,02URSU22,UM,16.5,2.5,95,2.5,2022-06-06T17:20:00Z,42.31927,-72.65482,NA,7.745,18.75,9.98,1543.5,0.2425,3.4,86,1.1,32,66.6,39.4,518.45
6/6/2022,2022,Summer,Upstream,02URSU22.USH,02URSU22,USH,23.25,47.5,47.5,5,2022-06-06T18:50:00Z,42.32041,-72.65365,NA,7.705,19.75,9.4,180.5,NA,4,77.3,1,28,66.6,39.4,518.45
6/6/2022,2022,Summer,Upstream,02URSU22.USR,02URSU22,USR,19.75,12.5,80,7.5,2022-06-06T18:00:00Z,42.319245,-72.654825,NA,7.7,19.1,9.875,122.5,0,13.7,86.4,1,28,66.6,39.4,518.45
6/6/2022,2022,Summer,Upstream,02URSU22.USU,02URSU22,USU,21.25,7.5,92,0.5,2022-06-06T18:25:00Z,42.320585,-72.65361,NA,7.715,19.45,9.71,774.5,0.192,2.5,77.6,1,28,66.6,39.4,518.45
6/7/2022,2022,Summer,Downstream,02DRSU22.DFR,02DRSU22,DFR,13,10,89,5,2022-06-07T17:32:00Z,42.31515,-72.64105,NA,7.46,20,9.16,110,0.094,6.6,86.9,0.9,28,66.6,39.4,529
6/7/2022,2022,Summer,Downstream,02DRSU22.DM,02DRSU22,DM,17,38,60,2,2022-06-07T17:30:00Z,42.31521,-72.64107,NA,7.45,19.9,9.16,224,0.106,4.5,86.2,1,32,66.6,39.4,529
6/7/2022,2022,Summer,Downstream,02DRSU22.DSH,02DRSU22,DSH,13,1,95,4,2022-06-07T17:52:00Z,42.31528,-72.64123,NA,7.44,19.9,9.16,34,0.41,8.4,85.8,0.9,32,66.6,39.4,529
6/7/2022,2022,Summer,Downstream,02DRSU22.DSP,02DRSU22,DSP,11.5,20,80,0,2022-06-07T17:57:00Z,42.31548,-72.64116,NA,7.45,19.8,9.11,629,0.201,4.7,85.6,0.9,28,66.6,39.4,529
6/7/2022,2022,Summer,Downstream,02DRSU22.DSR,02DRSU22,DSR,23,10,85,5,2022-06-07T17:06:00Z,42.31494,-72.64106,NA,7.42,19.9,9.19,193,0.357,7.4,86.6,1,32,66.6,39.4,529
6/13/2022,2022,Summer,Upstream,03URSU22.UFR,03URSU22,UFR,36.75,7.5,92.5,0,2022-06-13T17:52:00Z,42.319525,-72.65459,NA,7.735,20.25,9.41,44,0.003,7.7,80.3,1.1,28,97.1,36.3,552.3
6/13/2022,2022,Summer,Upstream,03URSU22.UM,03URSU22,UM,16,9.5,87.5,3,2022-06-13T17:10:00Z,42.31951,-72.654695,NA,7.755,20.15,9.53,1422,0.5085,3.8,81.8,1.1,32,97.1,36.3,552.3
6/13/2022,2022,Summer,Upstream,03URSU22.USH,03URSU22,USH,19,3.5,90.5,6,2022-06-13T18:38:00Z,42.32048,-72.653675,NA,7.74,20.75,9.175,58.5,0.1445,6.6,74.3,1,30,97.1,36.3,552.3
6/13/2022,2022,Summer,Upstream,03URSU22.USR,03URSU22,USR,14.25,12,84.5,3.5,2022-06-13T17:30:00Z,42.319275,-72.65485,NA,7.745,20,9.415,237,0.0025,8.7,82.6,1,24,97.1,36.3,552.3
6/13/2022,2022,Summer,Upstream,03URSU22.USU,03URSU22,USU,17.5,7.5,92.5,0,2022-06-13T18:20:00Z,42.320375,-72.65363,NA,7.775,20.65,9.225,894.5,0.122,5.8,72.7,1,30,97.1,36.3,552.3
6/14/2022,2022,Summer,Downstream,03DRSU22.DFR,03DRSU22,DFR,13,5,90,5,2022-06-14T17:23:00Z,42.31501,-72.64115,NA,7.46,22.7,8.87,42,0.064,10.4,80.8,0.9,32,97.1,36.3,548.95
6/14/2022,2022,Summer,Downstream,03DRSU22.DM,03DRSU22,DM,16,30,65,5,2022-06-14T17:11:00Z,42.31501,-72.64112,NA,7.47,22.5,8.81,1531,0.025,9.2,81.2,0.9,32,97.1,36.3,548.95
6/14/2022,2022,Summer,Downstream,03DRSU22.DSH,03DRSU22,DSH,13.5,1,94,5,2022-06-14T17:33:00Z,42.31528,-72.64124,NA,7.44,22.8,8.92,18,0.582,9.8,80.6,0.9,32,97.1,36.3,548.95
6/14/2022,2022,Summer,Downstream,03DRSU22.DSP,03DRSU22,DSP,11,5,95,0,2022-06-14T17:45:00Z,42.31536,-72.64109,NA,7.5,23.8,8.94,1546,0.43,7.7,80,0.9,NA,97.1,36.3,548.95
6/14/2022,2022,Summer,Downstream,03DRSU22.DSR,03DRSU22,DSR,12,4,95,1,2022-06-14T17:07:00Z,42.31492,-72.64117,NA,7.43,22.2,8.7,23,0.002,11.6,82.6,1,32,97.1,36.3,548.95
